<?xml version="1.0" encoding="UTF-8"?>
<project xmlns="http://maven.apache.org/POM/4.0.0" xmlns:xsi="http://www.w3.org/2001/XMLSchema-instance"
	xsi:schemaLocation="http://maven.apache.org/POM/4.0.0 https://maven.apache.org/xsd/maven-4.0.0.xsd">
	<modelVersion>4.0.0</modelVersion>
	<parent>
		<groupId>org.springframework.boot</groupId>
		<artifactId>spring-boot-starter-parent</artifactId>
		<version>2.4.4</version>
		<relativePath/> <!-- lookup parent from repository -->
	</parent>
	<groupId>com.vinothkumarselvaarasan</groupId>
	<artifactId>SpringJpaCurdMapping</artifactId>
	<version>0.0.1-SNAPSHOT</version>
	<name>SpringJpaCurdMapping</name>
	<description>Demo project for JSPAndSpringBootBasicsCurdOperation</description>
	<properties>
		<java.version>11</java.version>
	</properties>
	<dependencies>
		<dependency>
		<groupId>org.springframework.boot</groupId>
		<artifactId>spring-boot-starter-data-jdbc</artifactId>
		</dependency>
		<dependency>
		<groupId>org.springframework.boot</groupId>
		<artifactId>spring-boot-starter-data-jpa</artifactId>
		</dependency>
		<dependency>
		<groupId>org.springframework.boot</groupId>
		<artifactId>spring-boot-starter-thymeleaf</artifactId>
		</dependency>
		<dependency>
		<groupId>org.springframework.boot</groupId>
		<artifactId>spring-boot-starter-web</artifactId>
		</dependency>
		<dependency>
		<groupId>org.springframework.boot</groupId>
		<artifactId>spring-boot-devtools</artifactId>
		<scope>runtime</scope>
		<optional>true</optional>
		</dependency>
		<dependency>
		<groupId>mysql</groupId>
		<artifactId>mysql-connector-java</artifactId>
		<scope>runtime</scope>
		</dependency>
		
		<!-- https://mvnrepository.com/artifact/org.webjars/bootstrap -->
		<dependency>
		<groupId>org.webjars</groupId>
		<artifactId>bootstrap</artifactId>
		<version>4.5.3</version>
		</dependency>
		<!-- https://mvnrepository.com/artifact/org.webjars/webjars-locator -->
		<dependency>
		<groupId>org.webjars</groupId>
		<artifactId>webjars-locator</artifactId>
		<version>0.40</version>
		</dependency>
		
		<dependency>
			<groupId>org.springframework.boot</groupId>
			<artifactId>spring-boot-starter-test</artifactId>
			<scope>test</scope>
		</dependency>
	</dependencies>

	<build>
		<plugins>
			<plugin>
				<groupId>org.springframework.boot</groupId>
				<artifactId>spring-boot-maven-plugin</artifactId>
			</plugin>
		</plugins>
	</build>

</project>
